{"options":{},"indexes":[{"v":{"$numberInt":"2"},"key":{"_id":{"$numberInt":"1"}},"name":"_id_","ns":"jm9.strapi_administrator"},{"v":{"$numberInt":"2"},"unique":true,"key":{"email":{"$numberInt":"1"}},"name":"email_1","ns":"jm9.strapi_administrator","background":true},{"v":{"$numberInt":"2"},"key":{"firstname":{"$numberInt":"1"}},"name":"firstname_1","ns":"jm9.strapi_administrator","background":true},{"v":{"$numberInt":"2"},"key":{"lastname":{"$numberInt":"1"}},"name":"lastname_1","ns":"jm9.strapi_administrator","background":true},{"v":{"$numberInt":"2"},"key":{"username":{"$numberInt":"1"}},"name":"username_1","ns":"jm9.strapi_administrator","background":true}],"uuid":"aefe0f7367af4298bcda3c42eb9ea265"}